{
  "val": {
    "logreg": {
      "roc_auc": 0.6605038862370645,
      "pr_auc": 0.2127222850721526
    },
    "xgboost": {
      "roc_auc": 0.6787396162364311,
      "pr_auc": 0.2291549175555822
    }
  },
  "test": {
    "logreg": {
      "roc_auc": 0.660953740586035,
      "pr_auc": 0.20472487185135124
    },
    "xgboost": {
      "roc_auc": 0.6669776536997175,
      "pr_auc": 0.22288202842857746
    }
  }
}