{
  "gender": {
    "Female": {
      "n": 8093,
      "prevalence": 0.11058939824539726,
      "roc_auc": 0.6644757777222414,
      "pr_auc": 0.2208628718248752,
      "brier": 0.09402827173471451
    },
    "Male": {
      "n": 6985,
      "prevalence": 0.11166785969935576,
      "roc_auc": 0.6697090848984484,
      "pr_auc": 0.2257212532111333,
      "brier": 0.0944555327296257
    }
  },
  "age": {
    "[10-20)": {
      "n": 97,
      "prevalence": 0.061855670103092786,
      "roc_auc": 0.7197802197802198,
      "pr_auc": 0.218052074631022,
      "brier": 0.053979795426130295
    },
    "[20-30)": {
      "n": 237,
      "prevalence": 0.10548523206751055,
      "roc_auc": 0.7984905660377359,
      "pr_auc": 0.4502912877904764,
      "brier": 0.07875791937112808
    },
    "[30-40)": {
      "n": 579,
      "prevalence": 0.10535405872193437,
      "roc_auc": 0.6973859105006646,
      "pr_auc": 0.22399012059281256,
      "brier": 0.08937746286392212
    },
    "[40-50)": {
      "n": 1369,
      "prevalence": 0.09861212563915267,
      "roc_auc": 0.6970526442163396,
      "pr_auc": 0.2220467265859694,
      "brier": 0.08404411375522614
    },
    "[50-60)": {
      "n": 2549,
      "prevalence": 0.095723813260102,
      "roc_auc": 0.6774225667650512,
      "pr_auc": 0.20772906062430085,
      "brier": 0.08295037597417831
    },
    "[60-70)": {
      "n": 3335,
      "prevalence": 0.11454272863568216,
      "roc_auc": 0.6651368827157758,
      "pr_auc": 0.24197604758109773,
      "brier": 0.09607989341020584
    },
    "[70-80)": {
      "n": 3862,
      "prevalence": 0.12273433454168825,
      "roc_auc": 0.6507454953945173,
      "pr_auc": 0.22873661741055396,
      "brier": 0.10347142815589905
    },
    "[80-90)": {
      "n": 2581,
      "prevalence": 0.11468423091824874,
      "roc_auc": 0.6279111715654386,
      "pr_auc": 0.2035920984294893,
      "brier": 0.09841275960206985
    },
    "[90-100)": {
      "n": 443,
      "prevalence": 0.11738148984198646,
      "roc_auc": 0.6377139484556364,
      "pr_auc": 0.21453598661382933,
      "brier": 0.10049498826265335
    }
  }
}